User ID,First and Last Name,Version,Insurance Company
d1a8609c-8059-4a73-9025-b8d2019bc767,Henry Ton,100,Geico
0e438114-fbba-4fc2-8c8c-97c2ad71c2ae,Jenny Pham,67,Nationwide
3ba930e7-da15-461c-adf5-78869554dc00,Forrest Gump,77,State Farm
3ba930e7-da15-461c-adf5-78869554dc00,Forrest Gump,79,State Farm
de92a1eb-7277-4eed-91ce-23df56f6070f,Mick Montery,68,CNA
c9288890-6ba9-4977-a0b8-d5342c4120f0,Veronica Sanchez,74,Nationwide
da110384-3701-4a19-9d05-5e8aa41601e5,Yuya Take,80,Obamacare
4ecd141c-9628-414c-90e1-eb5763cc3d9c,Gabe Chappel,28,State Farm
25b28034-2b7b-4012-8f58-201252944713,Matt Mayors,25,Geico
d452ab8d-835b-45ba-96f9-fb469f888622,Austin Bryers,19,Obamacare
c9288890-6ba9-4977-a0b8-d5342c4120f0,Veronica Sanchez,31,Nationwide
bbee49df-a302-4af1-a03a-f23d1b025056,Zach Douglas,54,Obamacare
